-- MySQL dump 10.13  Distrib 8.1.0, for Win64 (x86_64)
--
-- Host: localhost    Database: ssk
-- ------------------------------------------------------
-- Server version	8.1.0

/*!40101 SET @OLD_CHARACTER_SET_CLIENT=@@CHARACTER_SET_CLIENT */;
/*!40101 SET @OLD_CHARACTER_SET_RESULTS=@@CHARACTER_SET_RESULTS */;
/*!40101 SET @OLD_COLLATION_CONNECTION=@@COLLATION_CONNECTION */;
/*!50503 SET NAMES utf8mb4 */;
/*!40103 SET @OLD_TIME_ZONE=@@TIME_ZONE */;
/*!40103 SET TIME_ZONE='+00:00' */;
/*!40014 SET @OLD_UNIQUE_CHECKS=@@UNIQUE_CHECKS, UNIQUE_CHECKS=0 */;
/*!40014 SET @OLD_FOREIGN_KEY_CHECKS=@@FOREIGN_KEY_CHECKS, FOREIGN_KEY_CHECKS=0 */;
/*!40101 SET @OLD_SQL_MODE=@@SQL_MODE, SQL_MODE='NO_AUTO_VALUE_ON_ZERO' */;
/*!40111 SET @OLD_SQL_NOTES=@@SQL_NOTES, SQL_NOTES=0 */;

--
-- Table structure for table `categories`
--

DROP TABLE IF EXISTS `categories`;
/*!40101 SET @saved_cs_client     = @@character_set_client */;
/*!50503 SET character_set_client = utf8mb4 */;
CREATE TABLE `categories` (
  `category_id` int NOT NULL AUTO_INCREMENT,
  `user_id` varchar(150) NOT NULL,
  `category_name` varchar(255) DEFAULT NULL,
  PRIMARY KEY (`category_id`),
  KEY `user_id` (`user_id`),
  CONSTRAINT `categories_ibfk_1` FOREIGN KEY (`user_id`) REFERENCES `users` (`user_id`)
) ENGINE=InnoDB DEFAULT CHARSET=utf8mb4 COLLATE=utf8mb4_0900_ai_ci;
/*!40101 SET character_set_client = @saved_cs_client */;

--
-- Dumping data for table `categories`
--

LOCK TABLES `categories` WRITE;
/*!40000 ALTER TABLE `categories` DISABLE KEYS */;
/*!40000 ALTER TABLE `categories` ENABLE KEYS */;
UNLOCK TABLES;

--
-- Table structure for table `subjects`
--

DROP TABLE IF EXISTS `subjects`;
/*!40101 SET @saved_cs_client     = @@character_set_client */;
/*!50503 SET character_set_client = utf8mb4 */;
CREATE TABLE `subjects` (
  `subject_id` int NOT NULL AUTO_INCREMENT,
  `user_id` varchar(150) NOT NULL,
  `subject_name` varchar(255) DEFAULT NULL,
  `subject_type` varchar(255) DEFAULT NULL,
  `teachers` varchar(255) DEFAULT NULL,
  `credits` int DEFAULT NULL,
  `credit_type` varchar(12) DEFAULT NULL,
  `absences` int DEFAULT '0',
  `tardies` int DEFAULT '0',
  `memo` varchar(255) DEFAULT '',
  `isActive` tinyint(1) NOT NULL DEFAULT '1',
  PRIMARY KEY (`subject_id`),
  KEY `user_id` (`user_id`),
  CONSTRAINT `subjects_ibfk_1` FOREIGN KEY (`user_id`) REFERENCES `users` (`user_id`)
) ENGINE=InnoDB AUTO_INCREMENT=304 DEFAULT CHARSET=utf8mb4 COLLATE=utf8mb4_0900_ai_ci;
/*!40101 SET character_set_client = @saved_cs_client */;

--
-- Dumping data for table `subjects`
--

LOCK TABLES `subjects` WRITE;
/*!40000 ALTER TABLE `subjects` DISABLE KEYS */;
INSERT INTO `subjects` VALUES (1,'test','日本文学概論','選択/一般','池田 翼,有働 万里子',1,'履修単位',1,0,'',1),(2,'test','専門科目応用','選択/専門','小田川 裕之,教務係 （または非常勤講師',3,'学修単位',3,2,'ｇｈｊｋｇ',1),(3,'test','インターンシップ','選択/専門','本木 実,合志 和洋,教務係 （または非常勤講師）',1,'学修単位',0,0,'',1),(4,'test','応用数学II','必修/専門','村上 純',2,'学修単位',0,0,'',1),(5,'test','半導体工学概論','選択/専門','高倉 健一郎,角田 功',1,'学修単位',0,0,'',1),(6,'test','国際社会と経済','選択/一般','時松 雅史',1,'履修単位',0,0,'',1),(7,'test','技術者と法','選択/一般','江﨑 一朗,遠山 隆淑',1,'履修単位',0,0,'',1),(8,'test','英語V','選択/一般','Ambrose Richard,髙木 朝子',1,'学修単位',0,0,'',1),(9,'test','国際言語文化論（独語）','選択/一般','Wiesert Detlef,光永 武志,教務係 （または非常勤講師）',1,'学修単位',0,0,'',1),(10,'test','国際言語文化論（韓国語）','選択/一般','石原 秀樹,教務係 （または非常勤講師）,金 敬淑',1,'学修単位',0,0,'',1),(11,'test','システム工学','必修/専門','島川 学',1,'学修単位',0,0,'',1),(12,'test','情報数学','必修/専門','山本 直樹',2,'学修単位',0,0,'',1),(13,'test','国際言語文化論（中国語）','選択/一般','石原 秀樹,教務係 （または非常勤講師）,司馬 黎',1,'学修単位',0,0,'',1),(14,'test','情報理論','必修/専門','中野 光臣',2,'学修単位',0,0,'',1),(15,'test','情報セキュリティ','必修/専門','藤井 慶',1,'学修単位',0,0,'',1),(16,'test','技術者倫理概論','必修/専門','下田 正寛,清田 公保',2,'学修単位',0,0,'',1),(17,'test','情報工学実験III','必修/専門','大隈 千春,村上 純,小松 一男,島川 学,三好 正純,清田 公保',4,'履修単位',0,0,'',1),(18,'test','卒業研究','必修/専門','山本 直樹,合志 和洋',8,'履修単位',0,0,'',1),(19,'test','数理情報工学','選択/専門','縄田 俊則',2,'学修単位',0,0,'',1),(20,'test','画像・音処理論','選択/専門','小山 善文,藤井 慶',2,'学修単位',0,0,'',1),(21,'test','ヒューマン情報処理','選択/専門','三好 正純',2,'学修単位',0,0,'',1),(22,'test','技術英語II','選択/専門','合志 和洋,山本 直樹,教務係 （または非常勤講師）',1,'学修単位',0,0,'',1),(23,'test','日本文学概論','選択/一般','池田 翼,有働 万里子',1,'履修単位',0,0,'',1),(24,'test','応用数学II','必修/専門','村上 純',2,'学修単位',0,0,'',1),(25,'test','国際言語文化論（韓国語）','選択/一般','石原 秀樹,教務係 （または非常勤講師）,金 敬淑',1,'学修単位',0,0,'',1),(26,'test','専門科目応用','選択/専門','小田川 裕之,教務係 （または非常勤講師）',1,'学修単位',0,0,'',1),(27,'test','国際社会と経済','選択/一般','時松 雅史',1,'履修単位',0,0,'',1),(28,'test','技術者と法','選択/一般','江﨑 一朗,遠山 隆淑',1,'履修単位',0,0,'',1),(29,'test','システム工学','必修/専門','島川 学',1,'学修単位',0,0,'',1),(30,'test','英語V','選択/一般','Ambrose Richard,髙木 朝子',1,'学修単位',0,0,'',1),(31,'test','国際言語文化論（独語）','選択/一般','Wiesert Detlef,光永 武志,教務係 （または非常勤講師）',1,'学修単位',0,0,'',1),(32,'test','国際言語文化論（中国語）','選択/一般','石原 秀樹,教務係 （または非常勤講師）,司馬 黎',1,'学修単位',0,0,'',1),(33,'test','半導体工学概論','選択/専門','高倉 健一郎,角田 功',1,'学修単位',0,0,'',1),(34,'test','インターンシップ','選択/専門','本木 実,合志 和洋,教務係 （または非常勤講師）',1,'学修単位',0,0,'',1),(35,'test','情報数学','必修/専門','山本 直樹',2,'学修単位',0,0,'',1),(36,'test','情報理論','必修/専門','中野 光臣',2,'学修単位',0,0,'',1),(37,'test','情報セキュリティ','必修/専門','藤井 慶',1,'学修単位',0,0,'',1),(38,'test','技術者倫理概論','必修/専門','下田 正寛,清田 公保',2,'学修単位',0,0,'',1),(39,'test','情報工学実験III','必修/専門','大隈 千春,村上 純,小松 一男,島川 学,三好 正純,清田 公保',4,'履修単位',0,0,'',1),(40,'test','卒業研究','必修/専門','山本 直樹,合志 和洋',8,'履修単位',0,0,'',1),(41,'test','数理情報工学','選択/専門','縄田 俊則',2,'学修単位',0,0,'',1),(42,'test','画像・音処理論','選択/専門','小山 善文,藤井 慶',2,'学修単位',0,0,'',1),(43,'test','ヒューマン情報処理','選択/専門','三好 正純',2,'学修単位',0,0,'',1),(44,'test','技術英語II','選択/専門','合志 和洋,山本 直樹,教務係 （または非常勤講師）',1,'学修単位',0,0,'',1),(45,'aaaa','日本文学概論','選択/一般','池田 翼,有働 万里子',1,'履修単位',0,0,'',1),(46,'aaaa','国際社会と経済','選択/一般','時松 雅史',1,'履修単位',0,0,'',1),(47,'aaaa','応用数学II','必修/専門','村上 純',2,'学修単位',0,0,'',1),(48,'aaaa','技術者と法','選択/一般','江﨑 一朗,遠山 隆淑',1,'履修単位',0,0,'',1),(49,'aaaa','英語V','選択/一般','Ambrose Richard,髙木 朝子',1,'学修単位',0,0,'',1),(50,'aaaa','国際言語文化論（独語）','選択/一般','Wiesert Detlef,光永 武志,教務係 （または非常勤講師）',1,'学修単位',0,0,'',1),(51,'aaaa','国際言語文化論（韓国語）','選択/一般','石原 秀樹,教務係 （または非常勤講師）,金 敬淑',1,'学修単位',0,0,'',1),(52,'aaaa','国際言語文化論（中国語）','選択/一般','石原 秀樹,教務係 （または非常勤講師）,司馬 黎',1,'学修単位',0,0,'',1),(53,'aaaa','半導体工学概論','選択/専門','高倉 健一郎,角田 功',1,'学修単位',0,0,'',1),(54,'aaaa','専門科目応用','選択/専門','小田川 裕之,教務係 （または非常勤講師）',1,'学修単位',0,0,'',1),(55,'aaaa','インターンシップ','選択/専門','本木 実,合志 和洋,教務係 （または非常勤講師）',1,'学修単位',0,0,'',1),(56,'aaaa','システム工学','必修/専門','島川 学',1,'学修単位',0,0,'',1),(57,'aaaa','情報数学','必修/専門','山本 直樹',2,'学修単位',0,0,'',1),(58,'aaaa','情報理論','必修/専門','中野 光臣',2,'学修単位',0,0,'',1),(59,'aaaa','情報セキュリティ','必修/専門','藤井 慶',1,'学修単位',0,0,'',1),(60,'aaaa','技術者倫理概論','必修/専門','下田 正寛,清田 公保',2,'学修単位',0,0,'',1),(61,'aaaa','情報工学実験III','必修/専門','大隈 千春,村上 純,小松 一男,島川 学,三好 正純,清田 公保',4,'履修単位',0,0,'',1),(62,'aaaa','卒業研究','必修/専門','山本 直樹,合志 和洋',8,'履修単位',0,0,'',1),(63,'aaaa','数理情報工学','選択/専門','縄田 俊則',2,'学修単位',0,0,'',1),(64,'aaaa','画像・音処理論','選択/専門','小山 善文,藤井 慶',2,'学修単位',0,0,'',1),(65,'aaaa','ヒューマン情報処理','選択/専門','三好 正純',2,'学修単位',0,0,'',1),(66,'aaaa','技術英語II','選択/専門','合志 和洋,山本 直樹,教務係 （または非常勤講師）',1,'学修単位',0,0,'',1),(67,'test','日本文学概論','選択/一般','池田 翼,有働 万里子',1,'履修単位',0,0,'',1),(68,'test','国際社会と経済','選択/一般','時松 雅史',1,'履修単位',0,0,'',1),(69,'test','専門科目応用','選択/専門','小田川 裕之,教務係 （または非常勤講師）',1,'学修単位',0,0,'',1),(70,'test','国際言語文化論（独語）','選択/一般','Wiesert Detlef,光永 武志,教務係 （または非常勤講師）',1,'学修単位',0,0,'',1),(71,'test','応用数学II','必修/専門','村上 純',2,'学修単位',0,0,'',1),(72,'test','技術者と法','選択/一般','江﨑 一朗,遠山 隆淑',1,'履修単位',0,0,'',1),(73,'test','英語V','選択/一般','Ambrose Richard,髙木 朝子',1,'学修単位',0,0,'',1),(74,'test','国際言語文化論（韓国語）','選択/一般','石原 秀樹,教務係 （または非常勤講師）,金 敬淑',1,'学修単位',0,0,'',1),(75,'test','国際言語文化論（中国語）','選択/一般','石原 秀樹,教務係 （または非常勤講師）,司馬 黎',1,'学修単位',0,0,'',1),(76,'test','半導体工学概論','選択/専門','高倉 健一郎,角田 功',1,'学修単位',0,0,'',1),(77,'test','インターンシップ','選択/専門','本木 実,合志 和洋,教務係 （または非常勤講師）',1,'学修単位',0,0,'',1),(78,'test','システム工学','必修/専門','島川 学',1,'学修単位',0,0,'',1),(79,'test','情報数学','必修/専門','山本 直樹',2,'学修単位',0,0,'',1),(80,'test','情報理論','必修/専門','中野 光臣',2,'学修単位',0,0,'',1),(81,'test','情報セキュリティ','必修/専門','藤井 慶',1,'学修単位',0,0,'',1),(82,'test','技術者倫理概論','必修/専門','下田 正寛,清田 公保',2,'学修単位',0,0,'',1),(83,'test','情報工学実験III','必修/専門','大隈 千春,村上 純,小松 一男,島川 学,三好 正純,清田 公保',4,'履修単位',0,0,'',1),(84,'test','卒業研究','必修/専門','山本 直樹,合志 和洋',8,'履修単位',0,0,'',1),(85,'test','数理情報工学','選択/専門','縄田 俊則',2,'学修単位',0,0,'',1),(86,'test','画像・音処理論','選択/専門','小山 善文,藤井 慶',2,'学修単位',0,0,'',1),(87,'test','ヒューマン情報処理','選択/専門','三好 正純',2,'学修単位',0,0,'',1),(88,'test','技術英語II','選択/専門','合志 和洋,山本 直樹,教務係 （または非常勤講師）',1,'学修単位',0,0,'',1),(89,'test','国際社会と経済','選択/一般','時松 雅史',1,'履修単位',0,0,'',1),(90,'test','日本文学概論','選択/一般','池田 翼,有働 万里子',1,'履修単位',0,0,'',1),(91,'test','技術者と法','選択/一般','江﨑 一朗,遠山 隆淑',1,'履修単位',0,0,'',1),(92,'test','英語V','選択/一般','Ambrose Richard,髙木 朝子',1,'学修単位',0,0,'',1),(93,'test','国際言語文化論（中国語）','選択/一般','石原 秀樹,教務係 （または非常勤講師）,司馬 黎',1,'学修単位',0,0,'',1),(94,'test','半導体工学概論','選択/専門','高倉 健一郎,角田 功',1,'学修単位',0,0,'',1),(95,'test','国際言語文化論（韓国語）','選択/一般','石原 秀樹,教務係 （または非常勤講師）,金 敬淑',1,'学修単位',0,0,'',1),(96,'test','国際言語文化論（独語）','選択/一般','Wiesert Detlef,光永 武志,教務係 （または非常勤講師）',1,'学修単位',0,0,'',1),(97,'test','専門科目応用','選択/専門','小田川 裕之,教務係 （または非常勤講師）',1,'学修単位',0,0,'',1),(98,'test','インターンシップ','選択/専門','本木 実,合志 和洋,教務係 （または非常勤講師）',1,'学修単位',0,0,'',1),(99,'test','応用数学II','必修/専門','村上 純',2,'学修単位',0,0,'',1),(100,'test','システム工学','必修/専門','島川 学',1,'学修単位',0,0,'',1),(101,'test','情報数学','必修/専門','山本 直樹',2,'学修単位',0,0,'',1),(102,'test','情報理論','必修/専門','中野 光臣',2,'学修単位',0,0,'',1),(103,'test','情報セキュリティ','必修/専門','藤井 慶',1,'学修単位',0,0,'',1),(104,'test','技術者倫理概論','必修/専門','下田 正寛,清田 公保',2,'学修単位',0,0,'',1),(105,'test','情報工学実験III','必修/専門','大隈 千春,村上 純,小松 一男,島川 学,三好 正純,清田 公保',4,'履修単位',0,0,'',1),(106,'test','卒業研究','必修/専門','山本 直樹,合志 和洋',8,'履修単位',0,0,'',1),(107,'test','数理情報工学','選択/専門','縄田 俊則',2,'学修単位',0,0,'',1),(108,'test','画像・音処理論','選択/専門','小山 善文,藤井 慶',2,'学修単位',0,0,'',1),(109,'test','ヒューマン情報処理','選択/専門','三好 正純',2,'学修単位',0,0,'',1),(110,'test','技術英語II','選択/専門','合志 和洋,山本 直樹,教務係 （または非常勤講師）',1,'学修単位',0,0,'',1),(111,'temp','英語Ⅴ','必修/一般','平川 裕己',2,'学修単位',0,0,'',1),(112,'temp','国語表現概論','選択/一般','丹下 暖子',2,'学修単位',0,0,'',1),(113,'temp','法学概論','選択/一般','黒杭 良美',2,'学修単位',0,0,'',1),(114,'temp','哲学概論','選択/一般','荒川 裕紀',2,'学修単位',0,0,'',1),(115,'temp','生物物理化学','選択/一般','小笠原 弘道',1,'履修単位',0,0,'',1),(116,'temp','科学技術と環境','選択/一般','今井 良一',1,'履修単位',0,0,'',1),(117,'temp','ＴＯＥＩＣⅢ','選択/一般','井上 英俊',3,'履修単位',0,0,'',1),(118,'temp','スポーツ科学実習Ⅰ','選択/一般','後藤 太之,小林 優希',1,'履修単位',0,0,'',1),(119,'temp','ＴＯＥＩＣⅡ','選択/一般','井上 英俊',2,'履修単位',0,0,'',1),(120,'temp','スポーツ科学実習Ⅱ','選択/一般','後藤 太之,石田 まさみ',1,'履修単位',0,0,'',1),(121,'temp','ＴＯＥＩＣⅠ','選択/一般','井上 英俊',1,'履修単位',0,0,'',1),(122,'temp','海外研修Ⅲ','選択/一般','Ｍ全',1,'履修単位',0,0,'',1),(123,'temp','設計製図ⅤＡ','必修/専門','松塚 直樹',2,'学修単位',0,0,'',1),(124,'temp','設計製図ⅤＢ','必修/専門','松塚 直樹',2,'学修単位',0,0,'',1),(125,'temp','材料学Ⅱ','必修/専門','森下 智博',2,'学修単位',0,0,'',1),(126,'temp','自動制御','必修/専門','関森 大介',2,'学修単位',0,0,'',1),(127,'temp','生産管理工学','選択/専門','木村 真晃',1,'履修単位',0,0,'',1),(128,'temp','卒業研究','必修/専門','Ｍ全',6,'履修単位',0,0,'',1),(129,'temp','機械環境工学','選択/専門','大西 慶三',1,'履修単位',0,0,'',1),(130,'temp','熱力学Ⅱ','選択/専門','藤原 誠之',1,'履修単位',0,0,'',1),(131,'temp','材料力学Ⅲ','選択/専門','森下 智博',2,'学修単位',0,0,'',1),(132,'temp','流体力学Ⅱ','選択/専門','田中 誠一',2,'学修単位',0,0,'',1),(133,'temp','電気電子工学Ⅱ','選択/専門','出口 幹雄',1,'履修単位',0,0,'',1),(134,'temp','伝熱工学','選択/専門','國峰 寛司',1,'履修単位',0,0,'',1),(135,'temp','ロボット工学','選択/専門','関森 大介',2,'学修単位',0,0,'',1),(136,'temp','計測工学','選択/専門','藤原 誠之',1,'履修単位',0,0,'',1),(137,'temp','生産工学','選択/専門','大森 茂俊',2,'学修単位',0,0,'',1),(138,'temp','熱管理','選択/専門','田中 誠一,藤原 誠之',2,'履修単位',0,0,'',1),(139,'temp','機械工学実験ⅢＡ','選択/専門','加藤 隆弘,関森 大介,森下 智博,大森 茂俊,田中 誠一,松塚 直樹,史 鳳輝',1,'履修単位',0,0,'',1),(140,'temp','機械工学実験ⅢＢ','選択/専門','加藤 隆弘,関森 大介,森下 智博,大森 茂俊,田中 誠一,松塚 直樹,史 鳳輝',1,'履修単位',0,0,'',1),(141,'temp','機械インターンシップⅡ','選択/専門','Ｍ全',1,'履修単位',0,0,'',1),(142,'temp','国語Ⅱ-2','必修/一般','善塔 正志',1,'履修単位',0,0,'',1),(143,'temp','国語Ⅱ-1','必修/一般','善塔 正志',1,'履修単位',0,0,'',1),(144,'temp','グローバルスタディーズ入門','必修/一般','ルクミナイテ・アナンド シモナ',1,'履修単位',0,0,'',1),(145,'temp','公共','必修/一般','黒杭 良美',1,'履修単位',0,0,'',1),(146,'temp','数学ⅡＡ-1','必修/一般','長尾 秀人',2,'履修単位',0,0,'',1),(147,'temp','数学ⅡＡ-2','必修/一般','長尾 秀人',2,'履修単位',0,0,'',1),(148,'temp','数学ⅡＢ-1','必修/一般','中村 元',1,'履修単位',0,0,'',1),(149,'temp','サイエンスⅡＡ-1','必修/一般','武内 將洋',1,'履修単位',0,0,'',1),(150,'temp','サイエンスⅡＡ-2','必修/一般','武内 將洋',1,'履修単位',0,0,'',1),(151,'temp','数学ⅡＢ-2','必修/一般','中村 元',1,'履修単位',0,0,'',1),(152,'temp','サイエンスⅡＢ-1','必修/一般','櫻井 康博',1,'履修単位',0,0,'',1),(153,'temp','サイエンスⅡＢ-2','必修/一般','櫻井 康博',1,'履修単位',0,0,'',1),(154,'temp','保健体育Ⅱ-1','必修/一般','小林 優希,石田 まさみ',1,'履修単位',0,0,'',1),(155,'temp','保健体育Ⅱ-2','必修/一般','後藤 太之,石田 まさみ',1,'履修単位',0,0,'',1),(156,'temp','英語ⅡＡ-1','必修/一般','ハーバート ジョン',1,'履修単位',0,0,'',1),(157,'temp','英語ⅡＡ-2','必修/一般','井上 英俊',1,'履修単位',0,0,'',1),(158,'temp','英語ⅡＢ-1','必修/一般','井上 英俊',1,'履修単位',0,0,'',1),(159,'temp','英語ⅡＢ-2','必修/一般','井上 英俊',1,'履修単位',0,0,'',1),(160,'temp','Ｃｏ＋ｗｏｒｋⅠＡ','必修/一般','全教員',1,'履修単位',0,0,'',1),(161,'temp','Ｃｏ＋ｗｏｒｋⅠＢ','必修/一般','全教員',1,'履修単位',0,0,'',1),(162,'temp','ＩＣＴ資格Ⅰ','選択/一般','武内 將洋',1,'履修単位',0,0,'',1),(163,'temp','数学資格Ⅰ','選択/一般','長尾 秀人',1,'履修単位',0,0,'',1),(164,'temp','電気回路ⅡＡ','必修/専門','梶村 好宏',2,'学修単位',0,0,'',1),(165,'temp','電気回路ⅡＢ','必修/専門','梶村 好宏',2,'学修単位',0,0,'',1),(166,'temp','プログラミングⅡＡ','必修/専門','土田 隼之',2,'学修単位',0,0,'',1),(167,'temp','プログラミングⅡＢ','必修/専門','平野 雅嗣',2,'学修単位',0,0,'',1),(168,'temp','電気電子計測 Ａ','必修/専門','細川 篤',1,'履修単位',0,0,'',1),(169,'temp','電気電子計測 Ｂ','必修/専門','細川 篤',1,'履修単位',0,0,'',1),(170,'temp','マイクロコンピュータ','必修/専門','出口 幹雄',2,'学修単位',0,0,'',1),(171,'temp','電気情報工学実験Ⅰ','必修/専門','梶村 好宏,周山 大慶,細川 篤,榎本 隆二,出口 幹雄',2,'履修単位',0,0,'',1),(172,'te19matsuoka','日本文学概論','選択/一般','池田 翼,有働 万里子',1,'履修単位',0,4,'',1),(173,'te19matsuoka','応用数学II','必修/専門','菊池 耕士',2,'学修単位',0,0,'',1),(174,'te19matsuoka','国際社会と経済','選択/一般','時松 雅史',1,'履修単位',0,0,'',1),(175,'te19matsuoka','技術者と法','選択/一般','江﨑 一朗,遠山 隆淑',1,'履修単位',0,0,'',1),(176,'te19matsuoka','英語V','選択/一般','Ambrose Richard,髙木 朝子',1,'学修単位',0,0,'',1),(177,'te19matsuoka','国際言語文化論（独語）','選択/一般','Wiesert Detlef,光永 武志,教務係 （または非常勤講師）',1,'学修単位',0,0,'',1),(178,'te19matsuoka','国際言語文化論（韓国語）','選択/一般','金 敬淑,石原 秀樹,教務係 （または非常勤講師）',1,'学修単位',0,0,'',1),(179,'te19matsuoka','国際言語文化論（中国語）','選択/一般','司馬 黎,石原 秀樹,教務係 （または非常勤講師）',1,'学修単位',0,0,'',1),(180,'te19matsuoka','半導体工学概論','選択/専門','高倉 健一郎,角田 功',1,'学修単位',0,0,'',1),(181,'te19matsuoka','専門科目応用','選択/専門','小田川 裕之,教務係 （または非常勤講師）',1,'学修単位',0,0,'',1),(182,'te19matsuoka','インターンシップ','選択/専門','本木 実,新谷 洋人,教務係 （または非常勤講師）',1,'学修単位',0,0,'',1),(183,'te19matsuoka','電磁波工学','必修/専門','松田 豊稔',2,'学修単位',0,0,'',1),(184,'te19matsuoka','ネットワーク工学','必修/専門','永田 和生',2,'学修単位',0,0,'',1),(185,'te19matsuoka','技術者倫理概論','必修/専門','下田 正寛,清田 公保',2,'学修単位',0,0,'',1),(186,'te19matsuoka','電子通信工学実験III','必修/専門','角田 功,西山 英治,永田 和生,高倉 健一郎,入江 博樹',4,'履修単位',0,0,'',1),(187,'te19matsuoka','卒業研究','必修/専門','芳野 裕樹,松田 豊稔,新谷 洋人',8,'履修単位',0,0,'',1),(188,'te19matsuoka','ディジタル通信方式','選択/専門','西山 英治',2,'学修単位',0,0,'',1),(189,'te19matsuoka','ディジタルシステム','選択/専門','本木 実',1,'学修単位',0,0,'',1),(190,'te19matsuoka','半導体プロセス','選択/専門','角田 功',2,'学修単位',0,0,'',1),(191,'te19matsuoka','電子材料','選択/専門','高倉 健一郎',1,'学修単位',0,0,'',1),(192,'te19matsuoka','電気通信法規','選択/専門','西山 英治',1,'学修単位',0,0,'',1),(193,'te19matsuoka','技術英語II','選択/専門','新谷 洋人,西山 英治,教務係 （または非常勤講師）',1,'学修単位',0,0,'',1),(194,'hanmabaki','日本文学概論','選択/一般','池田 翼,有働 万里子',1,'履修単位',0,0,'',1),(195,'hanmabaki','国際社会と経済','選択/一般','時松 雅史',1,'履修単位',0,0,'',1),(196,'hanmabaki','技術者と法','選択/一般','江﨑 一朗,遠山 隆淑',1,'履修単位',0,0,'',1),(197,'hanmabaki','英語V','選択/一般','Ambrose Richard,髙木 朝子',1,'学修単位',0,0,'',1),(198,'hanmabaki','国際言語文化論（独語）','選択/一般','Wiesert Detlef,光永 武志,教務係 （または非常勤講師）',1,'学修単位',0,0,'',1),(199,'hanmabaki','国際言語文化論（中国語）','選択/一般','司馬 黎,石原 秀樹,教務係 （または非常勤講師）',1,'学修単位',0,0,'',1),(200,'hanmabaki','国際言語文化論（韓国語）','選択/一般','金 敬淑,石原 秀樹,教務係 （または非常勤講師）',1,'学修単位',0,0,'',1),(201,'hanmabaki','半導体工学概論','選択/専門','高倉 健一郎,角田 功',1,'学修単位',0,0,'',1),(202,'hanmabaki','専門科目応用','選択/専門','小田川 裕之,教務係 （または非常勤講師）',1,'学修単位',0,0,'',1),(203,'hanmabaki','インターンシップ','選択/専門','本木 実,新谷 洋人,教務係 （または非常勤講師）',1,'学修単位',0,0,'',1),(204,'hanmabaki','応用数学II','必修/専門','菊池 耕士',2,'学修単位',0,0,'',1),(205,'hanmabaki','電磁波工学','必修/専門','松田 豊稔',2,'学修単位',0,0,'',1),(206,'hanmabaki','ネットワーク工学','必修/専門','永田 和生',2,'学修単位',0,0,'',1),(207,'hanmabaki','技術者倫理概論','必修/専門','下田 正寛,清田 公保',2,'学修単位',0,0,'',1),(208,'hanmabaki','電子通信工学実験III','必修/専門','角田 功,西山 英治,永田 和生,高倉 健一郎,入江 博樹',4,'履修単位',0,0,'',1),(209,'hanmabaki','卒業研究','必修/専門','芳野 裕樹,松田 豊稔,新谷 洋人',8,'履修単位',0,0,'',1),(210,'hanmabaki','ディジタル通信方式','選択/専門','西山 英治',2,'学修単位',0,0,'',1),(211,'hanmabaki','ディジタルシステム','選択/専門','本木 実',1,'学修単位',0,0,'',1),(212,'hanmabaki','半導体プロセス','選択/専門','角田 功',2,'学修単位',0,0,'',1),(213,'hanmabaki','電子材料','選択/専門','高倉 健一郎',1,'学修単位',0,0,'',1),(214,'hanmabaki','電気通信法規','選択/専門','西山 英治',1,'学修単位',0,0,'',1),(215,'hanmabaki','技術英語II','選択/専門','新谷 洋人,西山 英治,教務係 （または非常勤講師）',1,'学修単位',0,0,'',1),(216,'te19matsuoka','国際社会と経済','選択/一般','時松 雅史',1,'履修単位',0,0,'',1),(217,'te19matsuoka','日本文学概論','選択/一般','池田 翼,有働 万里子',1,'履修単位',0,0,'',1),(218,'te19matsuoka','技術者と法','選択/一般','江﨑 一朗,遠山 隆淑',1,'履修単位',0,0,'',1),(219,'te19matsuoka','英語V','選択/一般','Ambrose Richard,髙木 朝子',1,'学修単位',0,0,'',1),(220,'te19matsuoka','国際言語文化論（韓国語）','選択/一般','金 敬淑,石原 秀樹,教務係 （または非常勤講師）',1,'学修単位',0,0,'',1),(221,'te19matsuoka','国際言語文化論（独語）','選択/一般','Wiesert Detlef,光永 武志,教務係 （または非常勤講師）',1,'学修単位',0,0,'',1),(222,'te19matsuoka','国際言語文化論（中国語）','選択/一般','司馬 黎,石原 秀樹,教務係 （または非常勤講師）',1,'学修単位',0,0,'',1),(223,'te19matsuoka','半導体工学概論','選択/専門','高倉 健一郎,角田 功',1,'学修単位',0,0,'',1),(224,'te19matsuoka','専門科目応用','選択/専門','小田川 裕之,教務係 （または非常勤講師）',1,'学修単位',0,0,'',1),(225,'te19matsuoka','インターンシップ','選択/専門','本木 実,新谷 洋人,教務係 （または非常勤講師）',1,'学修単位',0,0,'',1),(226,'te19matsuoka','応用数学II','必修/専門','菊池 耕士',2,'学修単位',0,0,'',1),(227,'te19matsuoka','電磁波工学','必修/専門','松田 豊稔',2,'学修単位',0,0,'',1),(228,'te19matsuoka','ネットワーク工学','必修/専門','永田 和生',2,'学修単位',0,0,'',1),(229,'te19matsuoka','技術者倫理概論','必修/専門','下田 正寛,清田 公保',2,'学修単位',0,0,'',1),(230,'te19matsuoka','電子通信工学実験III','必修/専門','角田 功,西山 英治,永田 和生,高倉 健一郎,入江 博樹',4,'履修単位',0,0,'',1),(231,'te19matsuoka','卒業研究','必修/専門','芳野 裕樹,松田 豊稔,新谷 洋人',8,'履修単位',0,0,'',1),(232,'te19matsuoka','ディジタル通信方式','選択/専門','西山 英治',2,'学修単位',0,0,'',1),(233,'te19matsuoka','ディジタルシステム','選択/専門','本木 実',1,'学修単位',0,0,'',1),(234,'te19matsuoka','半導体プロセス','選択/専門','角田 功',2,'学修単位',0,0,'',1),(235,'te19matsuoka','電子材料','選択/専門','高倉 健一郎',1,'学修単位',0,0,'',1),(236,'te19matsuoka','電気通信法規','選択/専門','西山 英治',1,'学修単位',0,0,'',1),(237,'te19matsuoka','技術英語II','選択/専門','新谷 洋人,西山 英治,教務係 （または非常勤講師）',1,'学修単位',0,0,'',1),(238,'id','日本文学概論','選択/一般','池田 翼,有働 万里子',1,'履修単位',0,0,'',1),(239,'id','国際社会と経済','選択/一般','時松 雅史',1,'履修単位',0,0,'',1),(240,'id','技術者と法','選択/一般','江﨑 一朗,遠山 隆淑',1,'履修単位',0,0,'',1),(241,'id','英語V','選択/一般','Ambrose Richard,髙木 朝子',1,'学修単位',0,0,'',1),(242,'id','国際言語文化論（独語）','選択/一般','Wiesert Detlef,光永 武志,教務係 （または非常勤講師）',1,'学修単位',0,0,'',1),(243,'id','国際言語文化論（韓国語）','選択/一般','石原 秀樹,教務係 （または非常勤講師）,金 敬淑',1,'学修単位',0,0,'',1),(244,'id','国際言語文化論（中国語）','選択/一般','石原 秀樹,教務係 （または非常勤講師）,司馬 黎',1,'学修単位',0,0,'',1),(245,'id','半導体工学概論','選択/専門','高倉 健一郎,角田 功',1,'学修単位',0,0,'',1),(246,'id','インターンシップ','選択/専門','本木 実,合志 和洋,教務係 （または非常勤講師）',1,'学修単位',0,0,'',1),(247,'id','専門科目応用','選択/専門','小田川 裕之,教務係 （または非常勤講師）',1,'学修単位',0,0,'',1),(248,'id','応用数学II','必修/専門','村上 純',2,'学修単位',0,0,'',1),(249,'id','システム工学','必修/専門','島川 学',1,'学修単位',0,0,'',1),(250,'id','情報数学','必修/専門','山本 直樹',2,'学修単位',0,0,'',1),(251,'id','情報理論','必修/専門','中野 光臣',2,'学修単位',0,0,'',1),(252,'id','情報セキュリティ','必修/専門','藤井 慶',1,'学修単位',0,0,'',1),(253,'id','技術者倫理概論','必修/専門','下田 正寛,清田 公保',2,'学修単位',0,0,'',1),(254,'id','情報工学実験III','必修/専門','大隈 千春,村上 純,小松 一男,島川 学,三好 正純,清田 公保',4,'履修単位',0,0,'',1),(255,'id','卒業研究','必修/専門','山本 直樹,合志 和洋',8,'履修単位',0,0,'',1),(256,'id','数理情報工学','選択/専門','縄田 俊則',2,'学修単位',0,0,'',1),(257,'id','画像・音処理論','選択/専門','小山 善文,藤井 慶',2,'学修単位',0,0,'',1),(258,'id','ヒューマン情報処理','選択/専門','三好 正純',2,'学修単位',0,0,'',1),(259,'id','技術英語II','選択/専門','合志 和洋,山本 直樹,教務係 （または非常勤講師）',1,'学修単位',0,0,'',1),(260,'test3','日本文学概論','選択/一般','池田 翼,有働 万里子',1,'履修単位',0,0,'',1),(261,'test3','国際社会と経済','選択/一般','時松 雅史',1,'履修単位',0,0,'',1),(262,'test3','技術者と法','選択/一般','江﨑 一朗,遠山 隆淑',1,'履修単位',0,0,'',1),(263,'test3','国際言語文化論（独語）','選択/一般','Wiesert Detlef,光永 武志,教務係 （または非常勤講師）',1,'学修単位',0,0,'',1),(264,'test3','英語V','選択/一般','Ambrose Richard,髙木 朝子',1,'学修単位',0,0,'',1),(265,'test3','半導体工学概論','選択/専門','高倉 健一郎,角田 功',1,'学修単位',0,0,'',1),(266,'test3','国際言語文化論（韓国語）','選択/一般','石原 秀樹,教務係 （または非常勤講師）,金 敬淑',1,'学修単位',0,0,'',1),(267,'test3','インターンシップ','選択/専門','本木 実,合志 和洋,教務係 （または非常勤講師）',1,'学修単位',0,0,'',1),(268,'test3','国際言語文化論（中国語）','選択/一般','石原 秀樹,教務係 （または非常勤講師）,司馬 黎',1,'学修単位',0,0,'',1),(269,'test3','専門科目応用','選択/専門','小田川 裕之,教務係 （または非常勤講師）',1,'学修単位',0,0,'',1),(270,'test3','応用数学II','必修/専門','村上 純',2,'学修単位',0,0,'',1),(271,'test3','システム工学','必修/専門','島川 学',1,'学修単位',0,0,'',1),(272,'test3','情報数学','必修/専門','山本 直樹',2,'学修単位',0,0,'',1),(273,'test3','情報理論','必修/専門','中野 光臣',2,'学修単位',0,0,'',1),(274,'test3','情報セキュリティ','必修/専門','藤井 慶',1,'学修単位',0,0,'',1),(275,'test3','技術者倫理概論','必修/専門','下田 正寛,清田 公保',2,'学修単位',0,0,'',1),(276,'test3','情報工学実験III','必修/専門','大隈 千春,村上 純,小松 一男,島川 学,三好 正純,清田 公保',4,'履修単位',0,0,'',1),(277,'test3','卒業研究','必修/専門','山本 直樹,合志 和洋',8,'履修単位',0,0,'',1),(278,'test3','数理情報工学','選択/専門','縄田 俊則',2,'学修単位',0,0,'',1),(279,'test3','画像・音処理論','選択/専門','小山 善文,藤井 慶',2,'学修単位',0,0,'',1),(280,'test3','ヒューマン情報処理','選択/専門','三好 正純',2,'学修単位',0,0,'',1),(281,'test3','技術英語II','選択/専門','合志 和洋,山本 直樹,教務係 （または非常勤講師）',1,'学修単位',0,0,'',1),(282,'im_aho_thx','日本文学概論','選択/一般','池田 翼,有働 万里子',1,'履修単位',3,4,'',1),(283,'im_aho_thx','応用数学II','必修/専門','菊池 耕士',2,'学修単位',0,0,'',1),(284,'im_aho_thx','電磁波工学','必修/専門','松田 豊稔',2,'学修単位',0,0,'',1),(285,'im_aho_thx','専門科目応用','選択/専門','小田川 裕之,教務係 （または非常勤講師）',1,'学修単位',0,0,'',1),(286,'im_aho_thx','半導体工学概論','選択/専門','高倉 健一郎,角田 功',1,'学修単位',0,0,'',1),(287,'im_aho_thx','国際社会と経済','選択/一般','時松 雅史',1,'履修単位',0,0,'',1),(288,'im_aho_thx','技術者と法','選択/一般','江﨑 一朗,遠山 隆淑',1,'履修単位',0,0,'',1),(289,'im_aho_thx','英語V','選択/一般','Ambrose Richard,髙木 朝子',1,'学修単位',0,0,'',1),(290,'im_aho_thx','国際言語文化論（独語）','選択/一般','Wiesert Detlef,光永 武志,教務係 （または非常勤講師）',1,'学修単位',0,0,'',1),(291,'im_aho_thx','国際言語文化論（韓国語）','選択/一般','金 敬淑,石原 秀樹,教務係 （または非常勤講師）',1,'学修単位',0,0,'',1),(292,'im_aho_thx','国際言語文化論（中国語）','選択/一般','司馬 黎,石原 秀樹,教務係 （または非常勤講師）',1,'学修単位',0,0,'',1),(293,'im_aho_thx','ネットワーク工学','必修/専門','永田 和生',2,'学修単位',0,0,'',1),(294,'im_aho_thx','インターンシップ','選択/専門','本木 実,新谷 洋人,教務係 （または非常勤講師）',1,'学修単位',0,1,'',1),(295,'im_aho_thx','技術者倫理概論','必修/専門','下田 正寛,清田 公保',2,'学修単位',0,0,'',1),(296,'im_aho_thx','電子通信工学実験III','必修/専門','角田 功,西山 英治,永田 和生,高倉 健一郎,入江 博樹',4,'履修単位',0,0,'',1),(297,'im_aho_thx','卒業研究','必修/専門','芳野 裕樹,松田 豊稔,新谷 洋人',8,'履修単位',0,0,'',1),(298,'im_aho_thx','ディジタル通信方式','選択/専門','西山 英治',2,'学修単位',0,0,'',1),(299,'im_aho_thx','ディジタルシステム','選択/専門','本木 実',1,'学修単位',0,0,'',1),(300,'im_aho_thx','半導体プロセス','選択/専門','角田 功',2,'学修単位',0,0,'',1),(301,'im_aho_thx','電子材料','選択/専門','高倉 健一郎',1,'学修単位',0,0,'',1),(302,'im_aho_thx','電気通信法規','選択/専門','西山 英治',1,'学修単位',0,0,'',1),(303,'im_aho_thx','技術英語II','選択/専門','新谷 洋人,西山 英治,教務係 （または非常勤講師）',1,'学修単位',0,0,'',1);
/*!40000 ALTER TABLE `subjects` ENABLE KEYS */;
UNLOCK TABLES;

--
-- Table structure for table `tasks`
--

DROP TABLE IF EXISTS `tasks`;
/*!40101 SET @saved_cs_client     = @@character_set_client */;
/*!50503 SET character_set_client = utf8mb4 */;
CREATE TABLE `tasks` (
  `id` int NOT NULL AUTO_INCREMENT,
  `user_id` varchar(150) NOT NULL,
  `category_id` int DEFAULT NULL,
  `name` varchar(255) DEFAULT NULL,
  `importance` int DEFAULT NULL,
  `effort` int DEFAULT NULL,
  `deadline` varchar(10) DEFAULT NULL,
  `memo` varchar(1024) DEFAULT '',
  `priority` float DEFAULT NULL,
  `isActive` tinyint(1) NOT NULL DEFAULT '1',
  PRIMARY KEY (`id`),
  KEY `user_id` (`user_id`),
  KEY `category_id` (`category_id`),
  CONSTRAINT `tasks_ibfk_1` FOREIGN KEY (`user_id`) REFERENCES `users` (`user_id`),
  CONSTRAINT `tasks_ibfk_2` FOREIGN KEY (`category_id`) REFERENCES `categories` (`category_id`)
) ENGINE=InnoDB AUTO_INCREMENT=5 DEFAULT CHARSET=utf8mb4 COLLATE=utf8mb4_0900_ai_ci;
/*!40101 SET character_set_client = @saved_cs_client */;

--
-- Dumping data for table `tasks`
--

LOCK TABLES `tasks` WRITE;
/*!40000 ALTER TABLE `tasks` DISABLE KEYS */;
INSERT INTO `tasks` VALUES (1,'test',NULL,'a',5,5,NULL,'',NULL,1),(2,'hanmabaki',NULL,'あああ',5,5,NULL,'',NULL,1),(3,'hanmabaki',NULL,'いいい',5,5,NULL,'',NULL,1),(4,'im_aho_thx',NULL,'pro',1,8,NULL,'',NULL,1);
/*!40000 ALTER TABLE `tasks` ENABLE KEYS */;
UNLOCK TABLES;

--
-- Table structure for table `timetable`
--

DROP TABLE IF EXISTS `timetable`;
/*!40101 SET @saved_cs_client     = @@character_set_client */;
/*!50503 SET character_set_client = utf8mb4 */;
CREATE TABLE `timetable` (
  `id` int NOT NULL AUTO_INCREMENT,
  `user_id` varchar(150) NOT NULL,
  `time_slot` int DEFAULT NULL,
  `day_of_week` varchar(255) DEFAULT NULL,
  `subject_id` int DEFAULT NULL,
  PRIMARY KEY (`id`),
  KEY `user_id` (`user_id`),
  KEY `subject_id` (`subject_id`),
  CONSTRAINT `timetable_ibfk_1` FOREIGN KEY (`user_id`) REFERENCES `users` (`user_id`),
  CONSTRAINT `timetable_ibfk_2` FOREIGN KEY (`subject_id`) REFERENCES `subjects` (`subject_id`)
) ENGINE=InnoDB AUTO_INCREMENT=41 DEFAULT CHARSET=utf8mb4 COLLATE=utf8mb4_0900_ai_ci;
/*!40101 SET character_set_client = @saved_cs_client */;

--
-- Dumping data for table `timetable`
--

LOCK TABLES `timetable` WRITE;
/*!40000 ALTER TABLE `timetable` DISABLE KEYS */;
INSERT INTO `timetable` VALUES (2,'test',1,'mon',1),(3,'temp',1,'mon',111),(4,'hanmabaki',1,'mon',206),(5,'hanmabaki',2,'mon',210),(6,'hanmabaki',3,'mon',209),(7,'hanmabaki',4,'mon',209),(8,'hanmabaki',1,'tue',195),(9,'hanmabaki',3,'tue',209),(10,'hanmabaki',4,'tue',209),(12,'hanmabaki',2,'wed',205),(13,'hanmabaki',3,'wed',207),(15,'hanmabaki',4,'wed',207),(16,'te19matsuoka',2,'mon',188),(17,'hanmabaki',1,'thu',204),(18,'te19matsuoka',1,'mon',184),(19,'hanmabaki',2,'fri',201),(20,'hanmabaki',3,'fri',209),(21,'te19matsuoka',3,'mon',187),(23,'hanmabaki',4,'fri',209),(24,'te19matsuoka',4,'mon',187),(25,'te19matsuoka',1,'tue',174),(26,'te19matsuoka',3,'tue',186),(27,'te19matsuoka',4,'tue',186),(28,'te19matsuoka',2,'wed',183),(29,'te19matsuoka',1,'thu',173),(30,'te19matsuoka',2,'fri',190),(31,'te19matsuoka',3,'fri',187),(32,'te19matsuoka',4,'fri',187),(33,'id',1,'mon',240),(34,'id',2,'mon',243),(35,'id',3,'mon',245),(36,'id',4,'mon',246),(37,'im_aho_thx',1,'mon',283),(38,'im_aho_thx',2,'mon',282),(39,'im_aho_thx',3,'mon',294),(40,'im_aho_thx',2,'wed',296);
/*!40000 ALTER TABLE `timetable` ENABLE KEYS */;
UNLOCK TABLES;

--
-- Table structure for table `users`
--

DROP TABLE IF EXISTS `users`;
/*!40101 SET @saved_cs_client     = @@character_set_client */;
/*!50503 SET character_set_client = utf8mb4 */;
CREATE TABLE `users` (
  `user_id` varchar(150) NOT NULL,
  `email` varchar(255) NOT NULL,
  `password` varchar(255) NOT NULL,
  `kosen` varchar(255) DEFAULT NULL,
  `grade` int DEFAULT NULL,
  `department` varchar(255) DEFAULT NULL,
  `syllabus_url` varchar(255) DEFAULT NULL,
  `createdAt` timestamp NULL DEFAULT CURRENT_TIMESTAMP,
  `updatedAt` timestamp NULL DEFAULT CURRENT_TIMESTAMP ON UPDATE CURRENT_TIMESTAMP,
  `isActive` tinyint(1) NOT NULL DEFAULT '1',
  `lastLogin` timestamp NULL DEFAULT NULL,
  PRIMARY KEY (`user_id`)
) ENGINE=InnoDB DEFAULT CHARSET=utf8mb4 COLLATE=utf8mb4_0900_ai_ci;
/*!40101 SET character_set_client = @saved_cs_client */;

--
-- Dumping data for table `users`
--

LOCK TABLES `users` WRITE;
/*!40000 ALTER TABLE `users` DISABLE KEYS */;
INSERT INTO `users` VALUES ('aaaa','aaa@gmail.com','$2b$10$FpgO2ST4s9WPFkxXYoqam.5UR2SWddwgjpDJOxQXtJqqKvOUdgqle','熊本高等専門学校',5,'人間情報システム工学科','https://syllabus.kosen-k.go.jp/Pages/PublicSubjects?school_id=47&department_id=14&year=2023&lang=ja','2024-02-09 15:33:45','2024-02-09 15:33:45',1,NULL),('hanmabaki','te19hi-sakai@g.kumamoto-nct.ac.jp','$2b$10$0nQlQpEkg5tpzBMGuAelOuT68O/NJLjv1uFafkpge3PJCAxsy/AcK','熊本高等専門学校',5,'情報通信エレクトロニクス工学科','https://syllabus.kosen-k.go.jp/Pages/PublicSubjects?school_id=47&department_id=12&year=2023&lang=ja','2024-02-09 16:05:49','2024-02-09 16:05:49',1,NULL),('id','r@gmail.com','$2b$10$y1wZnU0oLmj0UaodPM6LZOHGVcu7GaRoXHmsqYC.VLReny9i9E0S2','熊本高等専門学校',5,'人間情報システム工学科','https://syllabus.kosen-k.go.jp/Pages/PublicSubjects?school_id=47&department_id=14&year=2023&lang=ja','2024-02-09 16:21:18','2024-02-09 16:21:18',1,NULL),('im_aho_thx','te19misumi@g.kumamoto-nct.ac.jp','$2b$10$17iyKX1H29FXOaMIkxj3kOYOOPrzr0ogvb.nOgN7Ei5v8Qdh5xwP6','熊本高等専門学校',5,'情報通信エレクトロニクス工学科','https://syllabus.kosen-k.go.jp/Pages/PublicSubjects?school_id=47&department_id=12&year=2023&lang=ja','2024-02-09 17:03:04','2024-02-09 17:03:04',1,NULL),('komiya','komiyareal@gmail.com','$2b$10$64ceWTuvXZzXArZ1H9Ov5eyKj8e6AbCvMiWrnAsTBaXflqQ10W2bS','北九州工業高等専門学校',4,'制御情報工学科','https://syllabus.kosen-k.go.jp/Pages/PublicSubjects?school_id=45&department_id=16&year=2023&lang=ja','2024-02-09 15:28:32','2024-02-09 15:28:32',1,NULL),('te19matsuoka','te19matsuoka@g.kumamoto-nct.ac.jp','$2b$10$oHqlzfIJP0s2TSNuZC98yeshrqu11pkyv8YzgZAGLvD3Fsvf5BP5S','熊本高等専門学校',5,'情報通信エレクトロニクス工学科','https://syllabus.kosen-k.go.jp/Pages/PublicSubjects?school_id=47&department_id=12&year=2023&lang=ja','2024-02-09 16:05:42','2024-02-09 16:05:42',1,NULL),('temp','test@gmail.com','$2b$10$u4JISelgc78ceRqeSHbknOrUEuDI/2vuMClkmleiLp.wPeNb7neQK','明石工業高等専門学校',5,'機械工学科','https://syllabus.kosen-k.go.jp/Pages/PublicSubjects?school_id=27&department_id=11&year=2023&lang=ja','2024-02-09 15:43:36','2024-02-09 15:43:36',1,NULL),('test','test@gmail.com','$2b$10$Qei1QodUQiUjaPXTfWp2RedJ7HK0KyYYcvO/rwTqoP87RNRyDCRa2','熊本高等専門学校',5,'人間情報システム工学科','https://syllabus.kosen-k.go.jp/Pages/PublicSubjects?school_id=47&department_id=14&year=2023&lang=ja','2024-02-09 08:48:15','2024-02-09 08:48:15',1,NULL),('test3','591959ant@gmail.com','$2b$10$7MM/T4qFOJllPXFokKD2CuFcjhQv0rH2HBFcsUgIxZPmlA6eMYhlG','熊本高等専門学校',5,'人間情報システム工学科','https://syllabus.kosen-k.go.jp/Pages/PublicSubjects?school_id=47&department_id=14&year=2023&lang=ja','2024-02-09 16:23:55','2024-02-09 16:23:55',1,NULL);
/*!40000 ALTER TABLE `users` ENABLE KEYS */;
UNLOCK TABLES;
/*!40103 SET TIME_ZONE=@OLD_TIME_ZONE */;

/*!40101 SET SQL_MODE=@OLD_SQL_MODE */;
/*!40014 SET FOREIGN_KEY_CHECKS=@OLD_FOREIGN_KEY_CHECKS */;
/*!40014 SET UNIQUE_CHECKS=@OLD_UNIQUE_CHECKS */;
/*!40101 SET CHARACTER_SET_CLIENT=@OLD_CHARACTER_SET_CLIENT */;
/*!40101 SET CHARACTER_SET_RESULTS=@OLD_CHARACTER_SET_RESULTS */;
/*!40101 SET COLLATION_CONNECTION=@OLD_COLLATION_CONNECTION */;
/*!40111 SET SQL_NOTES=@OLD_SQL_NOTES */;

-- Dump completed on 2024-02-10 15:16:47
